/*****

INSERT Addresse 


*/

INSERT INTO Coordonnees(nrue,rue,codepostal,ville) VALUES(1,'Route de Lannion',22450,'Kermaria-Sulard');
INSERT INTO Coordonnees(nrue,rue,codepostal,ville) VALUES(2,'Route de Lannion',22450,'Kermaria-Sulard');
INSERT INTO Coordonnees(nrue,rue,codepostal,ville) VALUES(4,'Route de Lannion',22450,'Kermaria-Sulard');
INSERT INTO Coordonnees(nrue,rue,codepostal,ville) VALUES(6,'Route de Lannion',22450,'Kermaria-Sulard');
INSERT INTO Coordonnees(nrue,rue,codepostal,ville) VALUES(8,'Route de Lannion',22450,'Kermaria-Sulard');

INSERT INTO Coordonnees(nrue,rue,codepostal,ville) VALUES(2,'Route de Lannion',22220,'Minihy-Tréguier');
INSERT INTO Coordonnees(nrue,rue,codepostal,ville) VALUES(4,'Route de Lannion',22220,'Minihy-Tréguier');
INSERT INTO Coordonnees(nrue,rue,codepostal,ville) VALUES(6,'Route de Lannion',22220,'Minihy-Tréguier');
INSERT INTO Coordonnees(nrue,rue,codepostal,ville) VALUES(8,'Route de Lannion',22220,'Minihy-Tréguier');
INSERT INTO Coordonnees(nrue,rue,codepostal,ville) VALUES(10,'Route de Lannion',22220,'Minihy-Tréguier');
INSERT INTO Coordonnees(nrue,rue,codepostal,ville) VALUES(12,'Route de Lannion',22220,'Minihy-Tréguier');
INSERT INTO Coordonnees(nrue,rue,codepostal,ville) VALUES(14,'Route de Lannion',22220,'Minihy-Tréguier');
INSERT INTO Coordonnees(nrue,rue,codepostal,ville) VALUES(16,'Route de Lannion',22220,'Minihy-Tréguier');
INSERT INTO Coordonnees(nrue,rue,codepostal,ville) VALUES(18,'Route de Lannion',22220,'Minihy-Tréguier');
INSERT INTO Coordonnees(nrue,rue,codepostal,ville) VALUES(20,'Route de Lannion',22220,'Minihy-Tréguier');
INSERT INTO Coordonnees(nrue,rue,codepostal,ville) VALUES(22,'Route de Lannion',22220,'Minihy-Tréguier');
INSERT INTO Coordonnees(nrue,rue,codepostal,ville) VALUES(24,'Route de Lannion',22220,'Minihy-Tréguier');



INSERT INTO Coordonnees(nrue,rue,codepostal,ville) VALUES(13,'Chemin de Ker An Draoñ',22300,'Lannion');
INSERT INTO Coordonnees(nrue,rue,codepostal,ville) VALUES(14,'Chemin de Ker An Draoñ',22300,'Lannion');
INSERT INTO Coordonnees(nrue,rue,codepostal,ville) VALUES(15,'Chemin de Ker An Draoñ',22300,'Lannion');
INSERT INTO Coordonnees(nrue,rue,codepostal,ville) VALUES(16,'Chemin de Ker An Draoñ',22300,'Lannion');
INSERT INTO Coordonnees(nrue,rue,codepostal,ville) VALUES(18,'Chemin de Ker An Draoñ',22300,'Lannion');
INSERT INTO Coordonnees(nrue,rue,codepostal,ville) VALUES(19,'Chemin de Ker An Draoñ',22300,'Lannion');
INSERT INTO Coordonnees(nrue,rue,codepostal,ville) VALUES(20,'Chemin de Ker An Draon',22300,'Lannion');
INSERT INTO Coordonnees(nrue,rue,codepostal,ville) VALUES(21,'Chemin de Ker An Draoñ',22300,'Lannion');
INSERT INTO Coordonnees(nrue,rue,codepostal,ville) VALUES(22,'Chemin de Ker An Draoñ',22300,'Lannion');
INSERT INTO Coordonnees(nrue,rue,codepostal,ville) VALUES(24,'Chemin de Ker An Draoñ',22300,'Lannion');

INSERT INTO Coordonnees(nrue,rue,codepostal,ville) VALUES(44,'Chemin de Ker An Draoñ',22300,'Lannion');
INSERT INTO Coordonnees(nrue,rue,codepostal,ville) VALUES(23,'Chemin de Ker An Draoñ',22300,'Lannion');
INSERT INTO Coordonnees(nrue,rue,codepostal,ville) VALUES(14,'Chemin de Ker An Draoñ',22300,'Lannion');
INSERT INTO Coordonnees(nrue,rue,codepostal,ville) VALUES(23,'Chemin de Ker An Draoñ',22300,'Lannion');
INSERT INTO Coordonnees(nrue,rue,codepostal,ville) VALUES(48,'Route de Beg Léguer',22300,'Lannion');
INSERT INTO Coordonnees(nrue,rue,codepostal,ville) VALUES(50,'Route de Beg Léguer',22300,'Lannion');
INSERT INTO Coordonnees(nrue,rue,codepostal,ville) VALUES(52,'Route de Beg Léguer',22300,'Lannion');
INSERT INTO Coordonnees(nrue,rue,codepostal,ville) VALUES(121,'Route de Beg Léguer',22300,'Lannion');
INSERT INTO Coordonnees(nrue,rue,codepostal,ville) VALUES(127,'Route de Beg Léguer',22300,'Lannion');
INSERT INTO Coordonnees(nrue,rue,codepostal,ville) VALUES(129,'Route de Beg Léguer',22300,'Lannion');
INSERT INTO Coordonnees(nrue,rue,codepostal,ville) VALUES(131,'Route de Beg Léguer',22300,'Lannion');
INSERT INTO Coordonnees(nrue,rue,codepostal,ville) VALUES(133,'Route de Beg Léguer',22300,'Lannion');
INSERT INTO Coordonnees(nrue,rue,codepostal,ville) VALUES(154,'Route de Beg Léguer',22300,'Lannion');
INSERT INTO Coordonnees(nrue,rue,codepostal,ville) VALUES(156,'Route de Beg Léguer',22300,'Lannion');
INSERT INTO Coordonnees(nrue,rue,codepostal,ville) VALUES(158,'Route de Beg Léguer',22300,'Lannion');
INSERT INTO Coordonnees(nrue,rue,codepostal,ville) VALUES(160,'Route de Beg Léguer',22300,'Lannion');
INSERT INTO Coordonnees(nrue,rue,codepostal,ville) VALUES(161,'Route de Beg Léguer',22300,'Lannion');
INSERT INTO Coordonnees(nrue,rue,codepostal,ville) VALUES(165,'Route de Beg Léguer',22300,'Lannion');
INSERT INTO Coordonnees(nrue,rue,codepostal,ville) VALUES(178,'Route de Beg Léguer',22300,'Lannion');
INSERT INTO Coordonnees(nrue,rue,codepostal,ville) VALUES(180,'Route de Beg Léguer',22300,'Lannion');
INSERT INTO Coordonnees(nrue,rue,codepostal,ville) VALUES(183,'Route de Beg Léguer',22300,'Lannion');

INSERT INTO Coordonnees(nrue,rue,codepostal,ville) VALUES(236,'Route de Beg Léguer',22300,'Lannion');
INSERT INTO Coordonnees(nrue,rue,codepostal,ville) VALUES(238,'Route de Beg Léguer',22300,'Lannion');
INSERT INTO Coordonnees(nrue,rue,codepostal,ville) VALUES(222,'Route de Beg Léguer',22300,'Lannion');
INSERT INTO Coordonnees(nrue,rue,codepostal,ville) VALUES(188,'Route de Beg Léguer',22300,'Lannion');
INSERT INTO Coordonnees(nrue,rue,codepostal,ville) VALUES(2,'Route de Minihy',22300,'Lannion');
INSERT INTO Coordonnees(nrue,rue,codepostal,ville) VALUES(24,'Route de Minihy',22300,'Lannion');
INSERT INTO Coordonnees(nrue,rue,codepostal,ville) VALUES(26,'Route de Minihy',22300,'Lannion');
INSERT INTO Coordonnees(nrue,rue,codepostal,ville) VALUES(28,'Route de Minihy',22300,'Lannion');
INSERT INTO Coordonnees(nrue,rue,codepostal,ville) VALUES(30,'Route de Minihy',22300,'Lannion');
INSERT INTO Coordonnees(nrue,rue,codepostal,ville) VALUES(31,'Route de Minihy',22300,'Lannion');
INSERT INTO Coordonnees(nrue,rue,codepostal,ville) VALUES(32,'Route de Minihy',22300,'Lannion');
INSERT INTO Coordonnees(nrue,rue,codepostal,ville) VALUES(34,'Route de Minihy',22300,'Lannion');
INSERT INTO Coordonnees(nrue,rue,codepostal,ville) VALUES(35,'Route de Minihy',22300,'Lannion');
INSERT INTO Coordonnees(nrue,rue,codepostal,ville) VALUES(36,'Route de Minihy',22300,'Lannion');

INSERT INTO Coordonnees(nrue,rue,codepostal,ville) VALUES(65,'Route de Minihy',22300,'Lannion');
INSERT INTO Coordonnees(nrue,rue,codepostal,ville) VALUES(67,'Route de Minihy',22300,'Lannion');
INSERT INTO Coordonnees(nrue,rue,codepostal,ville) VALUES(69,'Route de Minihy',22300,'Lannion');
INSERT INTO Coordonnees(nrue,rue,codepostal,ville) VALUES(91,'Route de Minihy',22300,'Lannion');
INSERT INTO Coordonnees(nrue,rue,codepostal,ville) VALUES(120,'Route de Minihy',22300,'Lannion');
INSERT INTO Coordonnees(nrue,rue,codepostal,ville) VALUES(150,'Route de Minihy',22300,'Lannion');
INSERT INTO Coordonnees(nrue,rue,codepostal,ville) VALUES(152,'Route de Minihy',22300,'Lannion');
INSERT INTO Coordonnees(nrue,rue,codepostal,ville) VALUES(153,'Route de Minihy',22300,'Lannion');
INSERT INTO Coordonnees(nrue,rue,codepostal,ville) VALUES(154,'Route de Minihy',22300,'Lannion');
INSERT INTO Coordonnees(nrue,rue,codepostal,ville) VALUES(157,'Route de Minihy',22300,'Lannion');
INSERT INTO Coordonnees(nrue,rue,codepostal,ville) VALUES(158,'Route de Minihy',22300,'Lannion');

INSERT INTO Coordonnees(nrue,rue,codepostal,ville) VALUES(182,'Route de Minihy',22300,'Lannion');
INSERT INTO Coordonnees(nrue,rue,codepostal,ville) VALUES(184,'Route de Minihy',22300,'Lannion');
INSERT INTO Coordonnees(nrue,rue,codepostal,ville) VALUES(171,'Route de Minihy',22300,'Lannion');
INSERT INTO Coordonnees(nrue,rue,codepostal,ville) VALUES(58,'Route de Minihy',22300,'Lannion');
INSERT INTO Coordonnees(nrue,rue,codepostal,ville) VALUES(1,'Impasse de Kerlinn',22300,'Lannion');
INSERT INTO Coordonnees(nrue,rue,codepostal,ville) VALUES(2,'Impasse de Kerlinn',22300,'Lannion');
INSERT INTO Coordonnees(nrue,rue,codepostal,ville) VALUES(3,'Impasse de Kerlinn',22300,'Lannion');
INSERT INTO Coordonnees(nrue,rue,codepostal,ville) VALUES(4,'Impasse de Kerlinn',22300,'Lannion');
INSERT INTO Coordonnees(nrue,rue,codepostal,ville) VALUES(5,'Impasse de Kerlinn',22300,'Lannion');
INSERT INTO Coordonnees(nrue,rue,codepostal,ville) VALUES(40,'Impasse de Kerlinn',22300,'Lannion');
INSERT INTO Coordonnees(nrue,rue,codepostal,ville) VALUES(1,'Route du Yaudet',22300,'Lannion');
INSERT INTO Coordonnees(nrue,rue,codepostal,ville) VALUES(2,'Route du Yaudet',22300,'Lannion');
INSERT INTO Coordonnees(nrue,rue,codepostal,ville) VALUES(3,'Route du Yaudet',22300,'Lannion');
INSERT INTO Coordonnees(nrue,rue,codepostal,ville) VALUES(14,'Route du Yaudet',22300,'Lannion');

INSERT INTO Coordonnees(nrue,rue,codepostal,ville) VALUES(38,'Route du Yaudet',22300,'Lannion');
INSERT INTO Coordonnees(nrue,rue,codepostal,ville) VALUES(60,'Route du Yaudet',22300,'Lannion');
INSERT INTO Coordonnees(nrue,rue,codepostal,ville) VALUES(21,'Route du Yaudet',22300,'Lannion');

INSERT INTO Coordonnees(nrue,rue,codepostal,ville) VALUES(57,'Chemin de Kervoigen',22300,'Lannion');
INSERT INTO Coordonnees(nrue,rue,codepostal,ville) VALUES(68,'Chemin de Kervoigen',22300,'Lannion');
INSERT INTO Coordonnees(nrue,rue,codepostal,ville) VALUES(70,'Chemin de Kervoigen',22300,'Lannion');
INSERT INTO Coordonnees(nrue,rue,codepostal,ville) VALUES(71,'Chemin de Kervoigen',22300,'Lannion');
INSERT INTO Coordonnees(nrue,rue,codepostal,ville) VALUES(1,'Rue de Roz An Dour',22300,'Lannion');

INSERT INTO Coordonnees(nrue,rue,codepostal,ville) VALUES(13,'Rue de Roz An Dour',22300,'Lannion');
INSERT INTO Coordonnees(nrue,rue,codepostal,ville) VALUES(1,'Rue de Roz An Dour',22300,'Lannion');
INSERT INTO Coordonnees(nrue,rue,codepostal,ville) VALUES(7,'Chemin de Traou Leguer',22300,'Lannion');
INSERT INTO Coordonnees(nrue,rue,codepostal,ville) VALUES(33,'Chemin de Traou Leguer',22300,'Lannion');
INSERT INTO Coordonnees(nrue,rue,codepostal,ville) VALUES(2,'Chemin de Kerlan',22300,'Lannion');
INSERT INTO Coordonnees(nrue,rue,codepostal,ville) VALUES(4,'Chemin de Kerlan',22300,'Lannion');
INSERT INTO Coordonnees(nrue,rue,codepostal,ville) VALUES(6,'Chemin de Kerlan',22300,'Lannion');
INSERT INTO Coordonnees(nrue,rue,codepostal,ville) VALUES(8,'Chemin de Kerlan',22300,'Lannion');
INSERT INTO Coordonnees(nrue,rue,codepostal,ville) VALUES(10,'Chemin de Kerlan',22300,'Lannion');

INSERT INTO Coordonnees(nrue,rue,codepostal,ville) VALUES(28,'Rue du Pourquéo',22300,'Lannion');
INSERT INTO Coordonnees(nrue,rue,codepostal,ville) VALUES(30,'Rue du Pourquéo',22300,'Lannion');
INSERT INTO Coordonnees(nrue,rue,codepostal,ville) VALUES(97,'Rue du Pourquéo',22300,'Lannion');
INSERT INTO Coordonnees(nrue,rue,codepostal,ville) VALUES(112,'Rue du Pourquéo',22300,'Lannion');
INSERT INTO Coordonnees(nrue,rue,codepostal,ville) VALUES(120,'Rue du Pourquéo',22300,'Lannion');
INSERT INTO Coordonnees(nrue,rue,codepostal,ville) VALUES(132,'Rue du Pourquéo',22300,'Lannion');

INSERT INTO Coordonnees(nrue,rue,codepostal,ville) VALUES(12,'Rue du Strinkell',22300,'Lannion');
INSERT INTO Coordonnees(nrue,rue,codepostal,ville) VALUES(13,'Rue du Strinkell',22300,'Lannion');
INSERT INTO Coordonnees(nrue,rue,codepostal,ville) VALUES(14,'Rue du Strinkell',22300,'Lannion');
INSERT INTO Coordonnees(nrue,rue,codepostal,ville) VALUES(1,'Chemin de Krec_H An Taro',22300,'Lannion');
INSERT INTO Coordonnees(nrue,rue,codepostal,ville) VALUES(2,'Chemin de Krec_H An Taro',22300,'Lannion');
INSERT INTO Coordonnees(nrue,rue,codepostal,ville) VALUES(3,'Chemin de Krec_H An Taro',22300,'Lannion');
INSERT INTO Coordonnees(nrue,rue,codepostal,ville) VALUES(4,'Chemin de Krec_H An Taro',22300,'Lannion');

INSERT INTO Coordonnees(nrue,rue,codepostal,ville) VALUES(31,'Chemin de Krec_H An Taro',22300,'Lannion');
INSERT INTO Coordonnees(nrue,rue,codepostal,ville) VALUES(32,'Chemin de Krec_H An Taro',22300,'Lannion');
INSERT INTO Coordonnees(nrue,rue,codepostal,ville) VALUES(37,'Chemin de Krec_H An Taro',22300,'Lannion');
INSERT INTO Coordonnees(nrue,rue,codepostal,ville) VALUES(4,'Chemin de Krec_H An Taro',22300,'Lannion');
INSERT INTO Coordonnees(nrue,rue,codepostal,ville) VALUES(1,'Hent Keravel Braz',22300,'Lannion');
INSERT INTO Coordonnees(nrue,rue,codepostal,ville) VALUES(8,'Hent Keravel Braz',22300,'Lannion');
INSERT INTO Coordonnees(nrue,rue,codepostal,ville) VALUES(10,'Hent Keravel Braz',22300,'Lannion');

INSERT INTO Coordonnees(nrue,rue,codepostal,ville) VALUES(21,'Impasse de Keravel',22300,'Lannion');
INSERT INTO Coordonnees(nrue,rue,codepostal,ville) VALUES(23,'Impasse de Keravel',22300,'Lannion');
INSERT INTO Coordonnees(nrue,rue,codepostal,ville) VALUES(28,'Impasse de Keravel',22300,'Lannion');

/***

INSERT   clients

*/

INSERT INTO client(fName,lName,pseudo,pwd) VALUES('Gabriel','Martin','MGabriel','pwdGabriel');
INSERT INTO client(fName,lName,pseudo,pwd) VALUES('Raphaël','Bernard','MGabriel','pwdGabriel');
INSERT INTO client(fName,lName,pseudo,pwd) VALUES('Léo','Thomas','MGabriel','pwdGabriel');

INSERT INTO client(fName,lName,pseudo,pwd) VALUES('Louis','Petit','MGabriel','pwdGabriel');
INSERT INTO client(fName,lName,pseudo,pwd) VALUES('Gabriel','Robert','MGabriel','pwdGabriel');

INSERT INTO client(fName,lName,pseudo,pwd) VALUES('Lucas','Richard','MGabriel','pwdGabriel');
INSERT INTO client(fName,lName,pseudo,pwd) VALUES('Jules','Durand','MGabriel','pwdGabriel');
INSERT INTO client(fName,lName,pseudo,pwd) VALUES('Arthur','Dubois','MGabriel','pwdGabriel');
INSERT INTO client(fName,lName,pseudo,pwd) VALUES('Hugo','Laurent','MGabriel','pwdGabriel');
INSERT INTO client(fName,lName,pseudo,pwd) VALUES('Adam','Simon','MGabriel','pwdGabriel');


/**


isnert HabitationClient


**/

INSERT INTO HabitationClient(idCoordonnees,idClient) VALUES(1,7);
INSERT INTO HabitationClient(idCoordonnees,idClient) VALUES(2,3);
INSERT INTO HabitationClient(idCoordonnees,idClient) VALUES(3,2);
INSERT INTO HabitationClient(idCoordonnees,idClient) VALUES(4,1);

INSERT INTO HabitationClient(idCoordonnees,idClient) VALUES(5,4);
INSERT INTO HabitationClient(idCoordonnees,idClient) VALUES(6,5);
INSERT INTO HabitationClient(idCoordonnees,idClient) VALUES(6,8);
INSERT INTO HabitationClient(idCoordonnees,idClient) VALUES(9,6);

INSERT INTO HabitationClient(idCoordonnees,idClient) VALUES(25,9);
INSERT INTO HabitationClient(idCoordonnees,idClient) VALUES(55,10);


/***

insert facteurs


***/

INSERT INTO Facteur(fName,lName,dateEnrolling,temperature) VALUES('Gabriel','Martin', '2011-04-30',36);
INSERT INTO Facteur(fName,lName,dateEnrolling,temperature) VALUES('Raphaël','Martin', '2019-04-30',36);
INSERT INTO Facteur(fName,lName,dateEnrolling,temperature) VALUES('Léo','Thomas', '2016-04-30',38);

INSERT INTO Facteur(fName,lName,dateEnrolling,temperature) VALUES('Louis','Thomas', '2019-04-10',36);
INSERT INTO Facteur(fName,lName,dateEnrolling,temperature) VALUES('Gabriel','Robert', '2017-04-20',36);

INSERT INTO Facteur(fName,lName,dateEnrolling,temperature) VALUES('Lucas','Richard', '2017-01-30',38);
INSERT INTO Facteur(fName,lName,dateEnrolling,temperature) VALUES('Jules','Richard', '2017-03-30',36);
INSERT INTO Facteur(fName,lName,dateEnrolling,temperature) VALUES('Arthur','Laurent', '2013-08-30',36);
INSERT INTO Facteur(fName,lName,dateEnrolling,temperature) VALUES('Hugo','Simon', '2014-01-10',36);
INSERT INTO Facteur(fName,lName,dateEnrolling,temperature) VALUES('Adam','Thomas', '2020-04-15',36);


/***

insert HabitationFacteur


***/



INSERT INTO HabitationFacteur(idCoordonnees,idFacteur) VALUES(11,7);
INSERT INTO HabitationFacteur(idCoordonnees,idFacteur) VALUES(12,3);
INSERT INTO HabitationFacteur(idCoordonnees,idFacteur) VALUES(13,2);
INSERT INTO HabitationFacteur(idCoordonnees,idFacteur) VALUES(14,1);

INSERT INTO HabitationFacteur(idCoordonnees,idFacteur) VALUES(15,4);
INSERT INTO HabitationFacteur(idCoordonnees,idFacteur) VALUES(16,5);
INSERT INTO HabitationFacteur(idCoordonnees,idFacteur) VALUES(16,8);
INSERT INTO HabitationFacteur(idCoordonnees,idFacteur) VALUES(19,6);

INSERT INTO HabitationFacteur(idCoordonnees,idFacteur) VALUES(86,9);
INSERT INTO HabitationFacteur(idCoordonnees,idFacteur) VALUES(59,10);


/***
insert vendeurs
**/



INSERT INTO vendeur(RCS, entrepriseName, responsableFirstName,responsableLastName) VALUES('799640132','Chez Basil' , 'Basil','Bernard');
INSERT INTO vendeur(RCS, entrepriseName, responsableFirstName,responsableLastName) VALUES('799640133','Chez Batiste','Batiste','Thomas');
INSERT INTO vendeur(RCS, entrepriseName, responsableFirstName,responsableLastName) VALUES('799640134','Chez Belaid','Belaid','Robert');
INSERT INTO vendeur(RCS, entrepriseName, responsableFirstName,responsableLastName) VALUES('799640135','Chez Benjamyn','Benjamyn ','Durand');

/***


insert    HabitationVendeur
**/
INSERT INTO HabitationVendeur(idCoordonnees,idVendeur) VALUES(31,'799640132');
INSERT INTO HabitationVendeur(idCoordonnees,idVendeur) VALUES(41,'799640133');
INSERT INTO HabitationVendeur(idCoordonnees,idVendeur) VALUES(51,'799640134');
INSERT INTO HabitationVendeur(idCoordonnees,idVendeur) VALUES(61,'799640135');


/***
insert repas
*/
INSERT INTO repas (name, price) VALUES ('Kebab', 6.5),
										('Pizza 4 Fromages', 7.5),
										('Pizza BBQ', 12.3),
										('Pizza Norvégienne', 12.1),
										('Tacos', 7);

/***
insert stockRepas
*/
INSERT INTO stockRepas (idrepas, idvendeur, stock) VALUES (1, '799640135', 15),
														   (5, '799640135', 15),
														   (2, '799640132', 30),
														   (3, '799640132', 25),
														   (4, '799640132', 27);


INSERT INTO produitMag (codeBarre, name, dateLimit, photo, price)
VALUES ('3015161712131', 'beurre demi-sel', '2020-07-31', 'https://image.png', 2.29),
		('3015161712131', 'beurre demi-sel', '2020-08-31', 'https://image.png', 2.29),
		('301516178531', 'yahourt nature', '2020-09-20', 'https://image.png', 5),
		('301516178531', 'yahourt nature', '2020-09-30', 'https://image.png', 5),
		('301516178531', 'yahourt nature', '2020-10-20', 'https://image.png', 5),
		('301516112345', 'yahourt aux fruits', '2020-09-20', 'https://image.png', 6.5),
		('301516112345', 'yahourt aux fruits', '2020-09-30', 'https://image.png', 6.5),
		('301516112345', 'yahourt aux fruits', '2020-10-20', 'https://image.png', 6.5),
		('3015161712132', 'beurre doux', '2020-07-31', 'https://image.png', 15),
		('3015161712132', 'beurre doux', '2020-08-31', 'https://image.png', 15);

INSERT INTO stockProduitMag (Idproduit, idVendeur, stock)
VALUES (1 ,'799640133', 20),
		(2, '799640133', 20),
		(3, '799640133', 10),
		(4,'799640133', 15),
		(5, '799640133', 14),
		(6,'799640134', 100),
		(7, '799640134', 15),
		(8, '799640134', 45),
		(9, '799640134', 78),
		(10, '799640134', 15);



/**
creation de commande
*/

INSERT INTO Commande (date, idClient, idFacteur, idVendeur)
VALUES (current_date, 1, 1, '799640132'),
		(current_date, 2, 2, '799640135'),
		(current_date, 3, 3, '799640133'),
		(current_date, 4, 4, '799640134');

INSERT INTO contenuRepas (commandeId, repasId, quantite)
VALUES (1, 2, 2),
		(2, 1, 1),
		(2, 5, 1);

INSERT INTO contenuProduitMag (commandeId, produitId, quantite)
VALUES (3, 1, 5),
		(3, 4, 2),
		(4, 9, 1);


INSERT INTO etat (date, label, idCommande)
VALUES (current_date, 'valide', 1),
		(current_date, 'valide', 2),
		(current_date, 'valide', 3),
		(current_date, 'valide', 4),
		(current_date, 'en transit', 1),
		(current_date, 'en transit', 2),
		(current_date, 'en transit', 3),
		(current_date, 'annule', 4),
		(current_date, 'livre', 1),
		(current_date, 'livre', 2);


